{
  "height": 458.11550151975683,
  "width": 716.838905775076,
  "x": 198.419452887538,
  "y": 78.784194528875389,
  "z": 0
}