{
  "height": 279.9017199017199,
  "width": 279.9017199017199,
  "x": 40.884520884520889,
  "y": 54.512694512694516,
  "z": 0
}