{
  "height": 286.93009118541033,
  "width": 162.43161094224925,
  "x": 0,
  "y": 308.32826747720367,
  "z": 1000
}