{
  "height": 179.93920972644378,
  "width": 162.43161094224925,
  "x": 0,
  "y": 78.784194528875389,
  "z": 2000
}