{
  "height": 90.208816705336432,
  "width": 1025.707656612529,
  "x": 253.92111368909514,
  "y": 629.7911832946636,
  "z": 3000
}