{
  "height": 458.11550151975683,
  "width": 716.838905775076,
  "x": 202.31003039513678,
  "y": 117.68996960486322,
  "z": 0
}