{
  "height": 126.44376899696049,
  "width": 162.43161094224925,
  "x": 0,
  "y": 244.13373860182372,
  "z": 2000
}