{
  "height": 279.9017199017199,
  "width": 743.25962325962325,
  "x": 394.16871416871419,
  "y": 64.995904995905,
  "z": 1000
}