{
  "height": 126.44376899696049,
  "width": 162.43161094224925,
  "x": 0,
  "y": 117.68996960486322,
  "z": 1000
}